{
  "vectors": {
    "A": [
      1,
      2,
      3,
      4,
      5
    ],
    "B": [
      1.1,
      2.2,
      3.3,
      4.4,
      5.5
    ],
    "C": [
      1,
      2,
      100,
      4,
      5
    ],
    "D": [
      5,
      4,
      3,
      2,
      1
    ],
    "E": [
      1,
      2,
      3,
      4,
      5
    ]
  },
  "comparisons": {
    "pearsonCorrelationSimilarity": {
      "A_vs_B": 1,
      "A_vs_C": 0.5182123079278668,
      "A_vs_D": 0,
      "A_vs_E": 1
    },
    "cosineSimilarity": {
      "A_vs_B": 1,
      "A_vs_C": 0.4654769362341076,
      "A_vs_D": 0.6363636363636364,
      "A_vs_E": 1
    },
    "euclideanSimilarity": {
      "A_vs_B": 0.5741781139787415,
      "A_vs_C": 0.01020408163265306,
      "A_vs_D": 0.1365270594958143,
      "A_vs_E": 1
    },
    "manhattanSimilarity": {
      "A_vs_B": 0.3999999999999999,
      "A_vs_C": 0.01020408163265306,
      "A_vs_D": 0.07692307692307693,
      "A_vs_E": 1
    },
    "gowerSimilarity": {
      "A_vs_B": 0.7,
      "A_vs_C": -18.4,
      "A_vs_D": -1.4,
      "A_vs_E": 1
    },
    "soergelSimilarity": {
      "A_vs_B": 0.9090909090909091,
      "A_vs_C": 0.1339285714285714,
      "A_vs_D": 0.4285714285714286,
      "A_vs_E": 1
    },
    "kulczynskiSimilarity": {
      "A_vs_B": 0.9090909090909091,
      "A_vs_C": 0.13392857142857142,
      "A_vs_D": 0.4285714285714286,
      "A_vs_E": 1
    },
    "lorentzianSimilarity": {
      "A_vs_B": 0.4382248946239691,
      "A_vs_C": 0.17905207215961028,
      "A_vs_D": 0.1558579101499758,
      "A_vs_E": 1
    },
    "weightedMinkowskiSimilarity": {
      "A_vs_B": 0.5741781139787415,
      "A_vs_C": 0.01020408163265306,
      "A_vs_D": 0.1365270594958143,
      "A_vs_E": 1
    },
    "canberraSimilarity": {
      "A_vs_B": 0.9545454545454545,
      "A_vs_C": 0.8415032679738561,
      "A_vs_D": 0.7142857142857143,
      "A_vs_E": 1
    },
    "chebyshevSimilarity": {
      "A_vs_B": 0.6666666666666666,
      "A_vs_C": 0.01020408163265306,
      "A_vs_D": 0.2,
      "A_vs_E": 1
    },
    "intersectionSimilarity": {
      "A_vs_B": 15,
      "A_vs_C": 15,
      "A_vs_D": 9,
      "A_vs_E": 15
    },
    "waveHedgesSimilarity": {
      "A_vs_B": 0.6875,
      "A_vs_C": 0.5076142131979695,
      "A_vs_D": 0.2777777777777778,
      "A_vs_E": 1
    },
    "sorensenSimilarity": {
      "A_vs_B": 0.9523809523809523,
      "A_vs_C": 0.2362204724409449,
      "A_vs_D": 0.6,
      "A_vs_E": 1
    },
    "motykaSimilarity": {
      "A_vs_B": 0.9090909090909091,
      "A_vs_C": 0.13392857142857142,
      "A_vs_D": 0.42857142857142855,
      "A_vs_E": 1
    },
    "kullbackLeiblerSimilarity": {
      "A_vs_B": -2.327461242141372,
      "A_vs_C": -0.10504561735604158,
      "A_vs_D": 0.11332669829346903,
      "A_vs_E": 1
    },
    "jeffreysSimilarity": {
      "A_vs_B": 0.8749172232125645,
      "A_vs_C": 0.0029313812082055616,
      "A_vs_D": 0.060066943328748505,
      "A_vs_E": 1
    },
    "kSimilarity": {
      "A_vs_B": 3.7292902611671117,
      "A_vs_C": -0.13282137675448594,
      "A_vs_D": 0.35774157551948826,
      "A_vs_E": 1
    },
    "topsoeSimilarity": {
      "A_vs_B": 0.9655046474645659,
      "A_vs_C": 0.016998150640778562,
      "A_vs_D": 0.21783512886082534,
      "A_vs_E": 1
    },
    "pearsonChiSquareDistance": {
      "A_vs_B": 0.13636363636363646,
      "A_vs_C": 94.09,
      "A_vs_D": 22.2,
      "A_vs_E": 0
    },
    "neymanChiSquareDistance": {
      "A_vs_B": 0.15000000000000008,
      "A_vs_C": 3136.3333333333335,
      "A_vs_D": 22.2,
      "A_vs_E": 0
    },
    "additiveSymmetricChiSquareDistance": {
      "A_vs_B": 0.28636363636363654,
      "A_vs_C": 3230.423333333333,
      "A_vs_D": 44.4,
      "A_vs_E": 0
    },
    "squaredChiSquareDistance": {
      "A_vs_B": 0.07142857142857147,
      "A_vs_C": 91.3495145631068,
      "A_vs_D": 6.666666666666666,
      "A_vs_E": 0
    },
    "normalizedPearsonChiSquareSimilarity": {
      "A_vs_B": 0.8799999999999999,
      "A_vs_C": 0.01051635292880429,
      "A_vs_D": 0.04310344827586207,
      "A_vs_E": 1
    },
    "normalizedNeymanChiSquareSimilarity": {
      "A_vs_B": 0.8695652173913042,
      "A_vs_C": 0.00031874203144921374,
      "A_vs_D": 0.04310344827586207,
      "A_vs_E": 1
    },
    "normalizedAdditiveSymmetricChiSquareSimilarity": {
      "A_vs_B": 0.7773851590106006,
      "A_vs_C": 0.00030946115591994034,
      "A_vs_D": 0.022026431718061675,
      "A_vs_E": 1
    },
    "normalizedSquaredChiSquareSimilarity": {
      "A_vs_B": 0.9333333333333333,
      "A_vs_C": 0.010828427249789739,
      "A_vs_D": 0.13043478260869565,
      "A_vs_E": 1
    },
    "fidelitySimilarity": {
      "A_vs_B": 1,
      "A_vs_C": 0.7153471492488184,
      "A_vs_D": 0.8752660136327972,
      "A_vs_E": 1
    },
    "hellingerDistance": {
      "A_vs_B": 0,
      "A_vs_C": 0.5335286784711593,
      "A_vs_D": 0.35317699014403925,
      "A_vs_E": 0
    },
    "matusitaDistance": {
      "A_vs_B": 0.1890358561105634,
      "A_vs_C": 8.267949192431123,
      "A_vs_D": 1.9344300429366994,
      "A_vs_E": 0
    },
    "squaredChordDistance": {
      "A_vs_B": 0.03573455489545363,
      "A_vs_C": 68.35898384862246,
      "A_vs_D": 3.742019591016081,
      "A_vs_E": 0
    },
    "normalizedMatusitaSimilarity": {
      "A_vs_B": 0.8410175310196989,
      "A_vs_C": 0.10789873565736335,
      "A_vs_D": 0.34078168004278836,
      "A_vs_E": 1
    },
    "normalizedSquaredChordSimilarity": {
      "A_vs_B": 0.9654983463412006,
      "A_vs_C": 0.014417742944194836,
      "A_vs_D": 0.21088061337716407,
      "A_vs_E": 1
    },
    "jaccardSimilarityBinary": {
      "A_vs_B": 1,
      "A_vs_C": 1,
      "A_vs_D": 1,
      "A_vs_E": 1
    },
    "jaccardSimilarityWeighted": {
      "A_vs_B": 0.9090909090909091,
      "A_vs_C": 0.13392857142857142,
      "A_vs_D": 0.42857142857142855,
      "A_vs_E": 1
    },
    "jaccardSimilarityRealValued": {
      "A_vs_B": 0.9090909090909091,
      "A_vs_C": 0.13392857142857142,
      "A_vs_D": 0.42857142857142855,
      "A_vs_E": 1
    },
    "computeVectorSimilarityMeanStdPenalized": {
      "A_vs_B": 0.9545454545454544,
      "A_vs_C": 0.7561054273371121,
      "A_vs_D": 0.6492273788524315,
      "A_vs_E": 1
    },
    "vectorSimilarityCorrelation": {
      "A_vs_B": 0.9545454545454546,
      "A_vs_C": 0.8670062419582997,
      "A_vs_D": 0.688774151449793,
      "A_vs_E": 1
    },
    "computeVectorSimilarityRobust": {
      "A_vs_B": 0.8958333333333334,
      "A_vs_C": 0.8769035532994924,
      "A_vs_D": 0.6111111111111112,
      "A_vs_E": 1
    },
    "computeVectorSimilarityMeanStdPower": {
      "A_vs_B": 0.9545454545454545,
      "A_vs_C": 0.8832354375173782,
      "A_vs_D": 0.7044400006507633,
      "A_vs_E": 1
    },
    "computeVectorSimilarityMetricLike": {
      "A_vs_B": 0.748793554205663,
      "A_vs_C": 0.5356616433757743,
      "A_vs_D": 0.16875060051800897,
      "A_vs_E": 1
    },
    "computeVectorSimilarityTunable": {
      "A_vs_B": 0.9325989472402855,
      "A_vs_C": 0.8580875986751004,
      "A_vs_D": 0.6365720697611543,
      "A_vs_E": 1
    },
    "computeVectorSimilarityVarianceWeighted": {
      "A_vs_B": 0.9545454545454545,
      "A_vs_C": 0.7874499528000002,
      "A_vs_D": 0.6861576,
      "A_vs_E": 1
    }
  }
}